{"cameraMode":{"drawMode":0,"name":"Shaded","section":"Shading Mode"},"sceneLighting":false,"audioPlay":false,"sceneViewState":{"showFog":true,"showMaterialUpdate":false,"showSkybox":true,"showFlares":true,"showImageEffects":true,"showParticleSystems":true},"in2DMode":false,"pivot":{"x":1.8399994373321534,"y":6.09999942779541,"z":19.899999618530275},"rotation":{"x":0.14132703840732575,"y":0.11701565980911255,"z":-0.01682526059448719,"w":0.9828789234161377},"size":56.74323272705078,"orthographic":false}