{"cameraMode":{"drawMode":0,"name":"Shaded","section":"Shading Mode"},"sceneLighting":false,"audioPlay":false,"sceneViewState":{"showFog":true,"showMaterialUpdate":false,"showSkybox":true,"showFlares":true,"showImageEffects":true,"showParticleSystems":true},"in2DMode":false,"pivot":{"x":-0.5523113012313843,"y":-0.011085405945777893,"z":2.4696178436279299},"rotation":{"x":0.14132703840732575,"y":0.11701565980911255,"z":-0.01682526059448719,"w":0.9828789234161377},"size":8.716452598571778,"orthographic":false}