{"cameraMode":{"drawMode":0,"name":"Shaded","section":"Shading Mode"},"sceneLighting":false,"audioPlay":false,"sceneViewState":{"showFog":true,"showMaterialUpdate":true,"showSkybox":true,"showFlares":true,"showImageEffects":true,"showParticleSystems":true},"in2DMode":false,"pivot":{"x":-16.66956329345703,"y":-216.18434143066407,"z":1191.4068603515625},"rotation":{"x":0.16262507438659669,"y":-0.013555606827139855,"z":0.002417057054117322,"w":0.9868709444999695},"size":730.4481811523438,"orthographic":false}