{"cameraMode":{"drawMode":0,"name":"Shaded","section":"Shading Mode"},"sceneLighting":false,"audioPlay":false,"sceneViewState":{"showFog":true,"showMaterialUpdate":true,"showSkybox":true,"showFlares":true,"showImageEffects":true,"showParticleSystems":true},"in2DMode":false,"pivot":{"x":4.6115899085998539,"y":43.463592529296878,"z":179.2899627685547},"rotation":{"x":-0.12800423800945283,"y":-0.014238392934203148,"z":0.001835211762227118,"w":-0.9916807413101196},"size":2.8578836917877199,"orthographic":false}