{"cameraMode":{"drawMode":0,"name":"Shaded","section":"Shading Mode"},"sceneLighting":false,"audioPlay":false,"sceneViewState":{"showFog":true,"showMaterialUpdate":true,"showSkybox":false,"showFlares":true,"showImageEffects":true,"showParticleSystems":true},"in2DMode":false,"pivot":{"x":-1.8815398216247559,"y":7.1399688720703129,"z":4.711782455444336},"rotation":{"x":-0.20236963033676148,"y":-0.08323986083269119,"z":0.017091374844312669,"w":-0.9758467078208923},"size":11.698653221130371,"orthographic":false}