{"cameraMode":{"drawMode":0,"name":"Shaded","section":"Shading Mode"},"sceneLighting":false,"audioPlay":false,"sceneViewState":{"showFog":true,"showMaterialUpdate":true,"showSkybox":true,"showFlares":true,"showImageEffects":true,"showParticleSystems":true},"in2DMode":false,"pivot":{"x":-2.471952438354492,"y":-5.071228981018066,"z":-22.51597785949707},"rotation":{"x":-0.13036559522151948,"y":0.7886210680007935,"z":-0.17925222218036652,"w":-0.5735418796539307},"size":30.737478256225587,"orthographic":false}