{"cameraMode":{"drawMode":0,"name":"Shaded","section":"Shading Mode"},"sceneLighting":false,"audioPlay":false,"sceneViewState":{"showFog":true,"showMaterialUpdate":true,"showSkybox":true,"showFlares":true,"showImageEffects":true,"showParticleSystems":true},"in2DMode":false,"pivot":{"x":-17.95240020751953,"y":-2.4267308712005617,"z":-3.831414222717285},"rotation":{"x":-0.0666644275188446,"y":-0.9328281879425049,"z":0.26582273840904238,"w":-0.2339354157447815},"size":4.286825656890869,"orthographic":false}