{"cameraMode":{"drawMode":0,"name":"Shaded","section":"Shading Mode"},"sceneLighting":false,"audioPlay":false,"sceneViewState":{"showFog":true,"showMaterialUpdate":true,"showSkybox":true,"showFlares":true,"showImageEffects":true,"showParticleSystems":true},"in2DMode":false,"pivot":{"x":22.015827178955079,"y":8.256053924560547,"z":135.5120086669922},"rotation":{"x":0.15200532972812653,"y":-0.3738967180252075,"z":0.06226659566164017,"w":0.9128080606460571},"size":29.743812561035158,"orthographic":false}