{"cameraMode":{"drawMode":0,"name":"Shaded","section":"Shading Mode"},"sceneLighting":true,"audioPlay":false,"sceneViewState":{"showFog":true,"showMaterialUpdate":true,"showSkybox":true,"showFlares":true,"showImageEffects":true,"showParticleSystems":true},"in2DMode":false,"pivot":{"x":2.5991761684417726,"y":47.95781707763672,"z":-44.86082458496094},"rotation":{"x":0.002345297485589981,"y":-0.046755705028772357,"z":-0.0003165086964145303,"w":-0.9989770650863648},"size":0.22004276514053346,"orthographic":false}