{"cameraMode":{"drawMode":0,"name":"Shaded","section":"Shading Mode"},"sceneLighting":true,"audioPlay":false,"sceneViewState":{"showFog":true,"showMaterialUpdate":true,"showSkybox":true,"showFlares":true,"showImageEffects":true,"showParticleSystems":true},"in2DMode":false,"pivot":{"x":-1.9242544174194337,"y":-22.648033142089845,"z":140.88851928710938},"rotation":{"x":0.11690718680620194,"y":-0.027501320466399194,"z":0.0035763548221439125,"w":0.9928796291351318},"size":192.56419372558595,"orthographic":false}