{"cameraMode":{"drawMode":0,"name":"Shaded","section":"Shading Mode"},"sceneLighting":false,"audioPlay":false,"sceneViewState":{"showFog":true,"showMaterialUpdate":true,"showSkybox":true,"showFlares":true,"showImageEffects":true,"showParticleSystems":true},"in2DMode":false,"pivot":{"x":8.069999694824219,"y":7.039999485015869,"z":56.39999008178711},"rotation":{"x":0.08354569971561432,"y":0.7542251944541931,"z":-0.09785537421703339,"w":0.6438857316970825},"size":264.62176513671877,"orthographic":false}