{"cameraMode":{"drawMode":0,"name":"Shaded","section":"Shading Mode"},"sceneLighting":false,"audioPlay":false,"sceneViewState":{"showFog":true,"showMaterialUpdate":true,"showSkybox":true,"showFlares":true,"showImageEffects":true,"showParticleSystems":true},"in2DMode":false,"pivot":{"x":-35.36000061035156,"y":6.133811950683594,"z":141.63999938964845},"rotation":{"x":-0.1397361308336258,"y":-0.3014155328273773,"z":0.04470022767782211,"w":-0.9421382546424866},"size":32.16624069213867,"orthographic":false}