{"cameraMode":{"drawMode":0,"name":"Shaded","section":"Shading Mode"},"sceneLighting":false,"audioPlay":false,"sceneViewState":{"showFog":true,"showMaterialUpdate":true,"showSkybox":true,"showFlares":true,"showImageEffects":true,"showParticleSystems":true},"in2DMode":false,"pivot":{"x":-0.12999999523162843,"y":6.96999979019165,"z":35.29999923706055},"rotation":{"x":0.17109233140945435,"y":0.6366115808486939,"z":-0.14772096276283265,"w":0.7373138070106506},"size":4.041659355163574,"orthographic":false}