{"cameraMode":{"drawMode":0,"name":"Shaded","section":"Shading Mode"},"sceneLighting":false,"audioPlay":false,"sceneViewState":{"showFog":true,"showMaterialUpdate":true,"showSkybox":false,"showFlares":true,"showImageEffects":true,"showParticleSystems":true},"in2DMode":false,"pivot":{"x":84.75091552734375,"y":-25.012287139892579,"z":440.9560241699219},"rotation":{"x":0.051293838769197467,"y":0.06651212275028229,"z":-0.0034623565152287485,"w":0.9965243935585022},"size":311.57733154296877,"orthographic":false}