{"cameraMode":{"drawMode":0,"name":"Shaded","section":"Shading Mode"},"sceneLighting":false,"audioPlay":false,"sceneViewState":{"showFog":true,"showMaterialUpdate":true,"showSkybox":false,"showFlares":true,"showImageEffects":true,"showParticleSystems":true},"in2DMode":false,"pivot":{"x":1.8399994373321534,"y":6.09999942779541,"z":19.899999618530275},"rotation":{"x":-0.20506739616394044,"y":-0.3766837418079376,"z":0.08592277765274048,"w":-0.8994242548942566},"size":56.74323272705078,"orthographic":false}