{"cameraMode":{"drawMode":0,"name":"Shaded","section":"Shading Mode"},"sceneLighting":true,"audioPlay":false,"sceneViewState":{"showFog":true,"showMaterialUpdate":true,"showSkybox":true,"showFlares":true,"showImageEffects":true,"showParticleSystems":true},"in2DMode":false,"pivot":{"x":61.614681243896487,"y":22.294517517089845,"z":43.34393310546875},"rotation":{"x":0.05117654427886009,"y":0.5366966724395752,"z":-0.03247047960758209,"w":0.8416600823402405},"size":49.67481231689453,"orthographic":false}