{"cameraMode":{"drawMode":0,"name":"Shaded","section":"Shading Mode"},"sceneLighting":false,"audioPlay":false,"sceneViewState":{"showFog":true,"showMaterialUpdate":true,"showSkybox":true,"showFlares":true,"showImageEffects":true,"showParticleSystems":true},"in2DMode":false,"pivot":{"x":2.276801824569702,"y":10.153071403503418,"z":38.18085479736328},"rotation":{"x":0.018753113225102426,"y":-0.2755981981754303,"z":0.005380542483180761,"w":0.961074948310852},"size":7.379779815673828,"orthographic":false}