{"cameraMode":{"drawMode":0,"name":"Shaded","section":"Shading Mode"},"sceneLighting":false,"audioPlay":false,"sceneViewState":{"showFog":true,"showMaterialUpdate":true,"showSkybox":false,"showFlares":true,"showImageEffects":true,"showParticleSystems":true},"in2DMode":false,"pivot":{"x":-199.49000549316407,"y":63.719722747802737,"z":407.1000061035156},"rotation":{"x":-0.1676263064146042,"y":-0.05672888830304146,"z":0.009643299505114556,"w":-0.9843016862869263},"size":11.620473861694336,"orthographic":false}