{"cameraMode":{"drawMode":0,"name":"Shaded","section":"Shading Mode"},"sceneLighting":false,"audioPlay":false,"sceneViewState":{"showFog":true,"showMaterialUpdate":true,"showSkybox":false,"showFlares":true,"showImageEffects":true,"showParticleSystems":true},"in2DMode":false,"pivot":{"x":-0.00010013580322265625,"y":-0.0625,"z":-0.062450408935546878},"rotation":{"x":0.20478607714176179,"y":0.07305125147104263,"z":-0.015416374430060387,"w":0.9760153293609619},"size":109.75611877441406,"orthographic":false}