{"cameraMode":{"drawMode":0,"name":"Shaded","section":"Shading Mode"},"sceneLighting":true,"audioPlay":false,"sceneViewState":{"showFog":true,"showMaterialUpdate":true,"showSkybox":false,"showFlares":true,"showImageEffects":true,"showParticleSystems":true},"in2DMode":false,"pivot":{"x":4.800001621246338,"y":7.309999942779541,"z":16.786598205566408},"rotation":{"x":0.04753396287560463,"y":0.9513137936592102,"z":-0.2406277060508728,"w":0.1877945512533188},"size":26.251285552978517,"orthographic":false}