{"cameraMode":{"drawMode":0,"name":"Shaded","section":"Shading Mode"},"sceneLighting":false,"audioPlay":false,"sceneViewState":{"showFog":true,"showMaterialUpdate":true,"showSkybox":false,"showFlares":true,"showImageEffects":true,"showParticleSystems":true},"in2DMode":false,"pivot":{"x":-2.2100000381469728,"y":3.9000000953674318,"z":11.350753784179688},"rotation":{"x":0.2109440565109253,"y":0.525361180305481,"z":-0.13583174347877503,"w":0.8133619427680969},"size":16.52939224243164,"orthographic":false}