{"cameraMode":{"drawMode":0,"name":"Shaded","section":"Shading Mode"},"sceneLighting":true,"audioPlay":false,"sceneViewState":{"showFog":true,"showMaterialUpdate":true,"showSkybox":true,"showFlares":true,"showImageEffects":true,"showParticleSystems":true},"in2DMode":false,"pivot":{"x":-23.725975036621095,"y":-1.3948822021484376,"z":139.581787109375},"rotation":{"x":0.10899845510721207,"y":-0.11101536452770233,"z":0.012581322342157364,"w":0.9878683686256409},"size":192.56419372558595,"orthographic":false}