{"cameraMode":{"drawMode":0,"name":"Shaded","section":"Shading Mode"},"sceneLighting":false,"audioPlay":false,"sceneViewState":{"showFog":true,"showMaterialUpdate":true,"showSkybox":true,"showFlares":true,"showImageEffects":true,"showParticleSystems":true},"in2DMode":false,"pivot":{"x":-6.812144756317139,"y":-0.039999961853027347,"z":-21.813823699951173},"rotation":{"x":-0.06750638782978058,"y":0.9227385520935059,"z":-0.18945233523845673,"w":-0.3287922441959381},"size":19.7435245513916,"orthographic":false}