{"cameraMode":{"drawMode":0,"name":"Shaded","section":"Shading Mode"},"sceneLighting":false,"audioPlay":false,"sceneViewState":{"showFog":true,"showMaterialUpdate":true,"showSkybox":true,"showFlares":true,"showImageEffects":true,"showParticleSystems":true},"in2DMode":false,"pivot":{"x":0.0,"y":0.8274999856948853,"z":1.6154999732971192},"rotation":{"x":-0.029883824288845063,"y":-0.12023499608039856,"z":0.0036194913554936649,"w":-0.9922890067100525},"size":5.989881992340088,"orthographic":false}