{"cameraMode":{"drawMode":0,"name":"Shaded","section":"Shading Mode"},"sceneLighting":true,"audioPlay":false,"sceneViewState":{"showFog":true,"showMaterialUpdate":true,"showSkybox":false,"showFlares":true,"showImageEffects":true,"showParticleSystems":true},"in2DMode":false,"pivot":{"x":-26.298511505126954,"y":13.554131507873536,"z":13.56076431274414},"rotation":{"x":0.03547092527151108,"y":0.69070965051651,"z":-0.03364025428891182,"w":0.7217334508895874},"size":9.149691581726075,"orthographic":false}