{"cameraMode":{"drawMode":0,"name":"Shaded","section":"Shading Mode"},"sceneLighting":true,"audioPlay":false,"sceneViewState":{"showFog":true,"showMaterialUpdate":true,"showSkybox":true,"showFlares":true,"showImageEffects":true,"showParticleSystems":true},"in2DMode":false,"pivot":{"x":9.885040283203125,"y":-40.699859619140628,"z":-1.1170082092285157},"rotation":{"x":0.16370271146297456,"y":0.7067676782608032,"z":-0.17324700951576234,"w":0.6662518978118897},"size":398.1009216308594,"orthographic":false}