{"cameraMode":{"drawMode":0,"name":"Shaded","section":"Shading Mode"},"sceneLighting":true,"audioPlay":false,"sceneViewState":{"showFog":true,"showMaterialUpdate":true,"showSkybox":true,"showFlares":true,"showImageEffects":true,"showParticleSystems":true},"in2DMode":false,"pivot":{"x":-67.75808715820313,"y":84.78395080566406,"z":41.73811721801758},"rotation":{"x":-0.3078271150588989,"y":-0.5857595205307007,"z":0.2556634843349457,"w":-0.7049440145492554},"size":147.21469116210938,"orthographic":false}