{"cameraMode":{"drawMode":0,"name":"Shaded","section":"Shading Mode"},"sceneLighting":false,"audioPlay":false,"sceneViewState":{"showFog":true,"showMaterialUpdate":true,"showSkybox":true,"showFlares":true,"showImageEffects":true,"showParticleSystems":true},"in2DMode":false,"pivot":{"x":26.909975051879884,"y":7.350000381469727,"z":141.98866271972657},"rotation":{"x":-0.23789705336093903,"y":-0.18431983888149262,"z":0.04602867737412453,"w":-0.9525295495986939},"size":37.52320861816406,"orthographic":false}