{"cameraMode":{"drawMode":0,"name":"Shaded","section":"Shading Mode"},"sceneLighting":false,"audioPlay":false,"sceneViewState":{"showFog":true,"showMaterialUpdate":true,"showSkybox":true,"showFlares":true,"showImageEffects":true,"showParticleSystems":true},"in2DMode":false,"pivot":{"x":-6.659496307373047,"y":13.264305114746094,"z":158.31112670898438},"rotation":{"x":-0.11986200511455536,"y":-0.10785050690174103,"z":0.013096679002046585,"w":-0.9868387579917908},"size":2.8578836917877199,"orthographic":false}