{"cameraMode":{"drawMode":0,"name":"Shaded","section":"Shading Mode"},"sceneLighting":false,"audioPlay":false,"sceneViewState":{"showFog":true,"showMaterialUpdate":true,"showSkybox":true,"showFlares":true,"showImageEffects":true,"showParticleSystems":true},"in2DMode":false,"pivot":{"x":-24.08995246887207,"y":8.129813194274903,"z":57.254173278808597},"rotation":{"x":-0.12072332203388214,"y":-0.7174315452575684,"z":0.1285051554441452,"w":-0.6739467978477478},"size":298.19158935546877,"orthographic":false}