{"cameraMode":{"drawMode":0,"name":"Shaded","section":"Shading Mode"},"sceneLighting":true,"audioPlay":false,"sceneViewState":{"showFog":true,"showMaterialUpdate":true,"showSkybox":true,"showFlares":true,"showImageEffects":true,"showParticleSystems":true},"in2DMode":false,"pivot":{"x":25.449491500854493,"y":9.508928298950196,"z":70.80992889404297},"rotation":{"x":0.11534229665994644,"y":0.079915851354599,"z":-0.00891302339732647,"w":0.9902026057243347},"size":10.155342102050782,"orthographic":false}