{"cameraMode":{"drawMode":0,"name":"Shaded","section":"Shading Mode"},"sceneLighting":false,"audioPlay":false,"sceneViewState":{"showFog":true,"showMaterialUpdate":true,"showSkybox":true,"showFlares":true,"showImageEffects":true,"showParticleSystems":true},"in2DMode":false,"pivot":{"x":515.7700805664063,"y":-306.93353271484377,"z":511.63629150390627},"rotation":{"x":0.190340057015419,"y":0.6719458103179932,"z":-0.18464915454387666,"w":0.6918917298316956},"size":730.4481811523438,"orthographic":false}