{"cameraMode":{"drawMode":0,"name":"Shaded","section":"Shading Mode"},"sceneLighting":false,"audioPlay":false,"sceneViewState":{"showFog":true,"showMaterialUpdate":true,"showSkybox":false,"showFlares":true,"showImageEffects":true,"showParticleSystems":true},"in2DMode":false,"pivot":{"x":1.9806572198867798,"y":5.956852436065674,"z":-3.0828990936279299},"rotation":{"x":0.15612754225730897,"y":-0.04302094504237175,"z":0.006890600547194481,"w":0.9869489669799805},"size":5.955535888671875,"orthographic":false}