{"cameraMode":{"drawMode":0,"name":"Shaded","section":"Shading Mode"},"sceneLighting":false,"audioPlay":false,"sceneViewState":{"showFog":true,"showMaterialUpdate":true,"showSkybox":true,"showFlares":true,"showImageEffects":true,"showParticleSystems":true},"in2DMode":false,"pivot":{"x":33.228782653808597,"y":-7.178028106689453,"z":-12.635425567626954},"rotation":{"x":-0.05913742631673813,"y":-0.8196348547935486,"z":0.08604059368371964,"w":-0.5632926225662231},"size":43.71875,"orthographic":false}