{"cameraMode":{"drawMode":0,"name":"Shaded","section":"Shading Mode"},"sceneLighting":true,"audioPlay":false,"sceneViewState":{"showFog":true,"showMaterialUpdate":true,"showSkybox":true,"showFlares":true,"showImageEffects":true,"showParticleSystems":true},"in2DMode":false,"pivot":{"x":28.446802139282228,"y":-8.386070251464844,"z":252.46559143066407},"rotation":{"x":0.05145285651087761,"y":0.0808073878288269,"z":-0.004155837930738926,"w":0.9954119324684143},"size":248.69265747070313,"orthographic":false}