{"cameraMode":{"drawMode":0,"name":"Shaded","section":"Shading Mode"},"sceneLighting":false,"audioPlay":false,"sceneViewState":{"showFog":true,"showMaterialUpdate":true,"showSkybox":true,"showFlares":true,"showImageEffects":true,"showParticleSystems":true},"in2DMode":false,"pivot":{"x":16.75521469116211,"y":5.440975189208984,"z":125.68492889404297},"rotation":{"x":0.17794780433177949,"y":-0.5444574952125549,"z":0.11947610974311829,"w":0.8109422922134399},"size":29.743812561035158,"orthographic":false}