{"cameraMode":{"drawMode":0,"name":"Shaded","section":"Shading Mode"},"sceneLighting":false,"audioPlay":false,"sceneViewState":{"showFog":true,"showMaterialUpdate":true,"showSkybox":true,"showFlares":true,"showImageEffects":true,"showParticleSystems":true},"in2DMode":false,"pivot":{"x":-14.47071647644043,"y":1.9704983234405518,"z":-27.02442169189453},"rotation":{"x":-0.02060764655470848,"y":0.8953957557678223,"z":-0.04166692867875099,"w":-0.44283807277679446},"size":20.664119720458986,"orthographic":false}