{"cameraMode":{"drawMode":0,"name":"Shaded","section":"Shading Mode"},"sceneLighting":true,"audioPlay":false,"sceneViewState":{"showFog":true,"showMaterialUpdate":true,"showSkybox":true,"showFlares":true,"showImageEffects":true,"showParticleSystems":true},"in2DMode":false,"pivot":{"x":-2.3050575256347658,"y":1.2393444776535035,"z":-0.9041569828987122},"rotation":{"x":-0.029883824288845063,"y":-0.12023499608039856,"z":0.0036194913554936649,"w":-0.9922890067100525},"size":16.0249080657959,"orthographic":false}