{"cameraMode":{"drawMode":0,"name":"Shaded","section":"Shading Mode"},"sceneLighting":false,"audioPlay":false,"sceneViewState":{"showFog":true,"showMaterialUpdate":true,"showSkybox":true,"showFlares":true,"showImageEffects":true,"showParticleSystems":true},"in2DMode":false,"pivot":{"x":-131.64501953125,"y":-42.48147964477539,"z":70.55220794677735},"rotation":{"x":-0.11485746502876282,"y":0.4620650112628937,"z":-0.06049714237451553,"w":-0.8772934675216675},"size":202.9097900390625,"orthographic":false}