{"cameraMode":{"drawMode":0,"name":"Shaded","section":"Shading Mode"},"sceneLighting":true,"audioPlay":false,"sceneViewState":{"showFog":true,"showMaterialUpdate":true,"showSkybox":true,"showFlares":true,"showImageEffects":true,"showParticleSystems":true},"in2DMode":false,"pivot":{"x":-30.5508975982666,"y":18.153547286987306,"z":39.492347717285159},"rotation":{"x":0.07040847837924957,"y":0.926271378993988,"z":-0.21786867082118989,"w":0.2993279993534088},"size":8.716446876525879,"orthographic":false}