{"cameraMode":{"drawMode":0,"name":"Shaded","section":"Shading Mode"},"sceneLighting":false,"audioPlay":false,"sceneViewState":{"showFog":true,"showMaterialUpdate":true,"showSkybox":true,"showFlares":true,"showImageEffects":true,"showParticleSystems":true},"in2DMode":false,"pivot":{"x":-6.506874084472656,"y":0.09000003337860108,"z":-15.843382835388184},"rotation":{"x":-0.06750638782978058,"y":0.9227385520935059,"z":-0.18945233523845673,"w":-0.3287922441959381},"size":12.396038055419922,"orthographic":false}