{"cameraMode":{"drawMode":0,"name":"Shaded","section":"Shading Mode"},"sceneLighting":false,"audioPlay":false,"sceneViewState":{"showFog":true,"showMaterialUpdate":true,"showSkybox":true,"showFlares":true,"showImageEffects":true,"showParticleSystems":true},"in2DMode":false,"pivot":{"x":5.927202224731445,"y":36.26616287231445,"z":316.9004821777344},"rotation":{"x":-0.14709870517253877,"y":0.05550115928053856,"z":-0.008271940983831883,"w":-0.9875417351722717},"size":7.379779815673828,"orthographic":false}