{"cameraMode":{"drawMode":0,"name":"Shaded","section":"Shading Mode"},"sceneLighting":true,"audioPlay":false,"sceneViewState":{"showFog":true,"showMaterialUpdate":true,"showSkybox":true,"showFlares":true,"showImageEffects":true,"showParticleSystems":true},"in2DMode":false,"pivot":{"x":4.907225608825684,"y":1.5805339813232422,"z":-10.426041603088379},"rotation":{"x":-0.02058487944304943,"y":-0.2206989973783493,"z":0.004657468758523464,"w":-0.9751136302947998},"size":12.003110885620118,"orthographic":false}