{"cameraMode":{"drawMode":0,"name":"Shaded","section":"Shading Mode"},"sceneLighting":false,"audioPlay":false,"sceneViewState":{"showFog":true,"showMaterialUpdate":true,"showSkybox":true,"showFlares":true,"showImageEffects":true,"showParticleSystems":true},"in2DMode":false,"pivot":{"x":1.1068782806396485,"y":4.002416133880615,"z":3.899838447570801},"rotation":{"x":-0.053990963846445087,"y":-0.5749507546424866,"z":0.038062356412410739,"w":-0.815517008304596},"size":33.66394805908203,"orthographic":false}