{"cameraMode":{"drawMode":0,"name":"Shaded","section":"Shading Mode"},"sceneLighting":false,"audioPlay":false,"sceneViewState":{"showFog":true,"showMaterialUpdate":true,"showSkybox":false,"showFlares":true,"showImageEffects":true,"showParticleSystems":true},"in2DMode":false,"pivot":{"x":7.869193077087402,"y":13.433686256408692,"z":421.88165283203127},"rotation":{"x":-0.1676263064146042,"y":-0.05672888830304146,"z":0.009643299505114556,"w":-0.9843016862869263},"size":12.404568672180176,"orthographic":false}