{"cameraMode":{"drawMode":0,"name":"Shaded","section":"Shading Mode"},"sceneLighting":true,"audioPlay":false,"sceneViewState":{"showFog":true,"showMaterialUpdate":true,"showSkybox":true,"showFlares":true,"showImageEffects":true,"showParticleSystems":true},"in2DMode":false,"pivot":{"x":10.191108703613282,"y":6.103645324707031,"z":66.4747543334961},"rotation":{"x":0.22891883552074433,"y":-0.07373106479644776,"z":0.01752505451440811,"w":0.9705472588539124},"size":49.67481231689453,"orthographic":false}