{"cameraMode":{"drawMode":0,"name":"Shaded","section":"Shading Mode"},"sceneLighting":false,"audioPlay":false,"sceneViewState":{"showFog":true,"showMaterialUpdate":true,"showSkybox":false,"showFlares":true,"showImageEffects":true,"showParticleSystems":true},"in2DMode":false,"pivot":{"x":-2.190000057220459,"y":1.1026484966278077,"z":-3.609999895095825},"rotation":{"x":0.2055506557226181,"y":0.02124699391424656,"z":-0.004360673949122429,"w":0.97857666015625},"size":4.8158464431762699,"orthographic":false}