{"cameraMode":{"drawMode":0,"name":"Shaded","section":"Shading Mode"},"sceneLighting":false,"audioPlay":false,"sceneViewState":{"showFog":true,"showMaterialUpdate":true,"showSkybox":false,"showFlares":true,"showImageEffects":true,"showParticleSystems":true},"in2DMode":false,"pivot":{"x":7.234635829925537,"y":8.56876277923584,"z":414.8183898925781},"rotation":{"x":-0.2193528413772583,"y":-0.048213500529527667,"z":0.010800788179039956,"w":-0.9745253324508667},"size":6.187603950500488,"orthographic":false}