{"cameraMode":{"drawMode":0,"name":"Shaded","section":"Shading Mode"},"sceneLighting":false,"audioPlay":false,"sceneViewState":{"showFog":true,"showMaterialUpdate":true,"showSkybox":true,"showFlares":true,"showImageEffects":true,"showParticleSystems":true},"in2DMode":false,"pivot":{"x":55.469825744628909,"y":29.589601516723634,"z":639.2655639648438},"rotation":{"x":0.016713066026568414,"y":-0.9816270470619202,"z":0.16086924076080323,"w":0.10177250951528549},"size":12.29005241394043,"orthographic":false}