{"cameraMode":{"drawMode":0,"name":"Shaded","section":"Shading Mode"},"sceneLighting":false,"audioPlay":false,"sceneViewState":{"showFog":true,"showMaterialUpdate":true,"showSkybox":false,"showFlares":true,"showImageEffects":true,"showParticleSystems":true},"in2DMode":false,"pivot":{"x":-0.4097774028778076,"y":0.31021296977996828,"z":-0.7007160186767578},"rotation":{"x":-0.07326388359069824,"y":0.006505910772830248,"z":-0.0004566358111333102,"w":-0.9973980784416199},"size":9.833185195922852,"orthographic":false}