{"cameraMode":{"drawMode":0,"name":"Shaded","section":"Shading Mode"},"sceneLighting":false,"audioPlay":false,"sceneViewState":{"showFog":true,"showMaterialUpdate":true,"showSkybox":true,"showFlares":true,"showImageEffects":true,"showParticleSystems":true},"in2DMode":false,"pivot":{"x":-20.520000457763673,"y":1.8400001525878907,"z":9.490325927734375},"rotation":{"x":-0.06750638782978058,"y":0.9227385520935059,"z":-0.18945233523845673,"w":-0.3287922441959381},"size":40.010372161865237,"orthographic":false}