{"cameraMode":{"drawMode":0,"name":"Shaded","section":"Shading Mode"},"sceneLighting":true,"audioPlay":false,"sceneViewState":{"showFog":true,"showMaterialUpdate":true,"showSkybox":true,"showFlares":true,"showImageEffects":true,"showParticleSystems":true},"in2DMode":false,"pivot":{"x":-0.600163459777832,"y":15.399714469909668,"z":205.71957397460938},"rotation":{"x":-0.004264308139681816,"y":0.049823060631752017,"z":0.0005294542061164975,"w":0.9988718032836914},"size":269.05059814453127,"orthographic":false}