{"cameraMode":{"drawMode":0,"name":"Shaded","section":"Shading Mode"},"sceneLighting":false,"audioPlay":false,"sceneViewState":{"showFog":true,"showMaterialUpdate":true,"showSkybox":true,"showFlares":true,"showImageEffects":true,"showParticleSystems":true},"in2DMode":false,"pivot":{"x":51.40340042114258,"y":-10.69064712524414,"z":396.5308837890625},"rotation":{"x":-0.12327565997838974,"y":-0.5035030841827393,"z":0.07284518331289292,"w":-0.8520454168319702},"size":70.67952728271485,"orthographic":false}