{"cameraMode":{"drawMode":0,"name":"Shaded","section":"Shading Mode"},"sceneLighting":true,"audioPlay":false,"sceneViewState":{"showFog":true,"showMaterialUpdate":true,"showSkybox":true,"showFlares":true,"showImageEffects":true,"showParticleSystems":true},"in2DMode":false,"pivot":{"x":-11.321861267089844,"y":12.717686653137207,"z":113.3897705078125},"rotation":{"x":-0.02699899673461914,"y":-0.005891565233469009,"z":0.0000244276161538437,"w":0.9997270703315735},"size":12.169583320617676,"orthographic":false}