{"cameraMode":{"drawMode":0,"name":"Shaded","section":"Shading Mode"},"sceneLighting":true,"audioPlay":false,"sceneViewState":{"showFog":true,"showMaterialUpdate":true,"showSkybox":true,"showFlares":true,"showImageEffects":true,"showParticleSystems":true},"in2DMode":false,"pivot":{"x":12.734407424926758,"y":-3.27280330657959,"z":128.56307983398438},"rotation":{"x":0.08843789994716644,"y":0.11909358203411102,"z":-0.0103250527754426,"w":0.9890484809875488},"size":69.2314453125,"orthographic":false}