{"cameraMode":{"drawMode":0,"name":"Shaded","section":"Shading Mode"},"sceneLighting":false,"audioPlay":false,"sceneViewState":{"showFog":true,"showMaterialUpdate":true,"showSkybox":true,"showFlares":true,"showImageEffects":true,"showParticleSystems":true},"in2DMode":false,"pivot":{"x":-6.699995994567871,"y":6.826992034912109,"z":141.5004119873047},"rotation":{"x":-0.23789705336093903,"y":-0.18431983888149262,"z":0.04602867737412453,"w":-0.9525295495986939},"size":42.20122528076172,"orthographic":false}