{"cameraMode":{"drawMode":0,"name":"Shaded","section":"Shading Mode"},"sceneLighting":false,"audioPlay":false,"sceneViewState":{"showFog":true,"showMaterialUpdate":true,"showSkybox":true,"showFlares":true,"showImageEffects":true,"showParticleSystems":true},"in2DMode":false,"pivot":{"x":5.955562591552734,"y":36.19617462158203,"z":36.381290435791019},"rotation":{"x":0.20373764634132386,"y":0.4831879734992981,"z":-0.11671233922243118,"w":0.8434445261955261},"size":3.8421835899353029,"orthographic":false}