{"cameraMode":{"drawMode":0,"name":"Shaded","section":"Shading Mode"},"sceneLighting":false,"audioPlay":false,"sceneViewState":{"showFog":true,"showMaterialUpdate":true,"showSkybox":true,"showFlares":true,"showImageEffects":true,"showParticleSystems":true},"in2DMode":false,"pivot":{"x":-0.00000698826988809742,"y":0.00002382108141318895,"z":0.000046067034418229014},"rotation":{"x":0.16077269613742829,"y":0.6225532293319702,"z":0.13269191980361939,"w":-0.7543026804924011},"size":0.00005715767838410102,"orthographic":false}