{"cameraMode":{"drawMode":0,"name":"Shaded","section":"Shading Mode"},"sceneLighting":true,"audioPlay":false,"sceneViewState":{"showFog":true,"showMaterialUpdate":true,"showSkybox":true,"showFlares":true,"showImageEffects":true,"showParticleSystems":true},"in2DMode":false,"pivot":{"x":4.909999847412109,"y":1.5799999237060547,"z":10.489999771118164},"rotation":{"x":-0.02058487944304943,"y":-0.2206989973783493,"z":0.004657468758523464,"w":-0.9751136302947998},"size":12.00311279296875,"orthographic":false}