{"cameraMode":{"drawMode":0,"name":"Shaded","section":"Shading Mode"},"sceneLighting":false,"audioPlay":false,"sceneViewState":{"showFog":true,"showMaterialUpdate":true,"showSkybox":true,"showFlares":true,"showImageEffects":true,"showParticleSystems":true},"in2DMode":false,"pivot":{"x":-0.13731235265731812,"y":17.570255279541017,"z":566.2677001953125},"rotation":{"x":-0.001472625182941556,"y":-0.9983519315719605,"z":0.04990003630518913,"w":-0.030147312209010125},"size":12.29005241394043,"orthographic":false}