{"cameraMode":{"drawMode":0,"name":"Shaded","section":"Shading Mode"},"sceneLighting":false,"audioPlay":false,"sceneViewState":{"showFog":true,"showMaterialUpdate":true,"showSkybox":false,"showFlares":true,"showImageEffects":true,"showParticleSystems":true},"in2DMode":false,"pivot":{"x":35.43788528442383,"y":0.0,"z":-4.779999732971191},"rotation":{"x":-0.053990963846445087,"y":-0.5749507546424866,"z":0.038062356412410739,"w":-0.815517008304596},"size":23.334665298461915,"orthographic":false}