{"cameraMode":{"drawMode":0,"name":"Shaded","section":"Shading Mode"},"sceneLighting":true,"audioPlay":false,"sceneViewState":{"showFog":true,"showMaterialUpdate":true,"showSkybox":false,"showFlares":true,"showImageEffects":true,"showParticleSystems":true},"in2DMode":false,"pivot":{"x":3.2053394317626955,"y":18.71263885498047,"z":414.0864562988281},"rotation":{"x":-0.1273246556520462,"y":-0.2276121824979782,"z":0.03005833551287651,"w":-0.9650744795799255},"size":29.786502838134767,"orthographic":false}