{"cameraMode":{"drawMode":0,"name":"Shaded","section":"Shading Mode"},"sceneLighting":true,"audioPlay":false,"sceneViewState":{"showFog":true,"showMaterialUpdate":true,"showSkybox":true,"showFlares":true,"showImageEffects":true,"showParticleSystems":true},"in2DMode":false,"pivot":{"x":34.382080078125,"y":16.077880859375,"z":66.111328125},"rotation":{"x":0.05440673977136612,"y":-0.0098485192283988,"z":0.0003793058858718723,"w":0.9985584616661072},"size":13.638864517211914,"orthographic":false}