{"cameraMode":{"drawMode":0,"name":"Shaded","section":"Shading Mode"},"sceneLighting":false,"audioPlay":false,"sceneViewState":{"showFog":true,"showMaterialUpdate":true,"showSkybox":false,"showFlares":true,"showImageEffects":true,"showParticleSystems":true},"in2DMode":false,"pivot":{"x":2.428837776184082,"y":16.616680145263673,"z":47.0261116027832},"rotation":{"x":-0.1676263064146042,"y":-0.05672888830304146,"z":0.009643299505114556,"w":-0.9843016862869263},"size":12.900800704956055,"orthographic":false}