{"cameraMode":{"drawMode":0,"name":"Shaded","section":"Shading Mode"},"sceneLighting":false,"audioPlay":false,"sceneViewState":{"showFog":true,"showMaterialUpdate":true,"showSkybox":false,"showFlares":true,"showImageEffects":true,"showParticleSystems":true},"in2DMode":false,"pivot":{"x":-4.732392311096191,"y":13.372543334960938,"z":423.1781921386719},"rotation":{"x":-0.2193528413772583,"y":-0.048213500529527667,"z":0.010800788179039956,"w":-0.9745253324508667},"size":12.900826454162598,"orthographic":false}