{"cameraMode":{"drawMode":0,"name":"Shaded","section":"Shading Mode"},"sceneLighting":true,"audioPlay":false,"sceneViewState":{"showFog":true,"showMaterialUpdate":true,"showSkybox":true,"showFlares":true,"showImageEffects":true,"showParticleSystems":true},"in2DMode":false,"pivot":{"x":6.270559787750244,"y":0.6631183624267578,"z":23.0687255859375},"rotation":{"x":-0.24149233102798463,"y":-0.14379248023033143,"z":0.036078695207834247,"w":-0.9591100811958313},"size":45.99053192138672,"orthographic":false}