{"cameraMode":{"drawMode":0,"name":"Shaded","section":"Shading Mode"},"sceneLighting":false,"audioPlay":false,"sceneViewState":{"showFog":true,"showMaterialUpdate":true,"showSkybox":true,"showFlares":true,"showImageEffects":true,"showParticleSystems":true},"in2DMode":false,"pivot":{"x":10.635071754455567,"y":14.570618629455567,"z":685.7879028320313},"rotation":{"x":-0.005179603584110737,"y":0.992636501789093,"z":-0.11258579045534134,"w":-0.04541340842843056},"size":12.29005241394043,"orthographic":false}