{"cameraMode":{"drawMode":0,"name":"Shaded","section":"Shading Mode"},"sceneLighting":false,"audioPlay":false,"sceneViewState":{"showFog":true,"showMaterialUpdate":true,"showSkybox":true,"showFlares":true,"showImageEffects":true,"showParticleSystems":true},"in2DMode":false,"pivot":{"x":16.53256607055664,"y":-3.739264488220215,"z":-50.61152267456055},"rotation":{"x":0.06583671271800995,"y":0.7131783366203308,"z":-0.06759777665138245,"w":0.6946028470993042},"size":35.027523040771487,"orthographic":false}