{"cameraMode":{"drawMode":0,"name":"Shaded","section":"Shading Mode"},"sceneLighting":false,"audioPlay":false,"sceneViewState":{"showFog":true,"showMaterialUpdate":true,"showSkybox":false,"showFlares":true,"showImageEffects":true,"showParticleSystems":true},"in2DMode":false,"pivot":{"x":15.874443054199219,"y":1.7321267127990723,"z":-4.701896667480469},"rotation":{"x":-0.023670518770813943,"y":-0.594941258430481,"z":0.017427293583750726,"w":-0.8033891916275024},"size":35.98802947998047,"orthographic":false}