{"cameraMode":{"drawMode":0,"name":"Shaded","section":"Shading Mode"},"sceneLighting":false,"audioPlay":false,"sceneViewState":{"showFog":true,"showMaterialUpdate":true,"showSkybox":true,"showFlares":true,"showImageEffects":true,"showParticleSystems":true},"in2DMode":false,"pivot":{"x":3.7355923652648927,"y":4.240015029907227,"z":369.6495361328125},"rotation":{"x":-0.07146903872489929,"y":-0.771572470664978,"z":0.088093101978302,"w":-0.625945508480072},"size":10.792527198791504,"orthographic":false}