{"cameraMode":{"drawMode":0,"name":"Shaded","section":"Shading Mode"},"sceneLighting":false,"audioPlay":false,"sceneViewState":{"showFog":true,"showMaterialUpdate":true,"showSkybox":true,"showFlares":true,"showImageEffects":true,"showParticleSystems":true},"in2DMode":false,"pivot":{"x":-13.442238807678223,"y":12.71175479888916,"z":6.589015960693359},"rotation":{"x":-0.013927692547440529,"y":-0.9788287281990051,"z":0.1913910061120987,"w":-0.07120346277952194},"size":55.69945526123047,"orthographic":false}