{"cameraMode":{"drawMode":0,"name":"Shaded","section":"Shading Mode"},"sceneLighting":false,"audioPlay":false,"sceneViewState":{"showFog":true,"showMaterialUpdate":true,"showSkybox":false,"showFlares":true,"showImageEffects":true,"showParticleSystems":true},"in2DMode":false,"pivot":{"x":6.302783966064453,"y":52.049842834472659,"z":441.287109375},"rotation":{"x":0.014458110556006432,"y":-0.5238050222396851,"z":0.00880901888012886,"w":0.8517645597457886},"size":723.880859375,"orthographic":false}