{"cameraMode":{"drawMode":0,"name":"Shaded","section":"Shading Mode"},"sceneLighting":false,"audioPlay":false,"sceneViewState":{"showFog":true,"showMaterialUpdate":true,"showSkybox":false,"showFlares":true,"showImageEffects":true,"showParticleSystems":true},"in2DMode":false,"pivot":{"x":3.40000057220459,"y":7.900000095367432,"z":149.43240356445313},"rotation":{"x":-0.1291094869375229,"y":-0.020407333970069886,"z":0.0025323701556771995,"w":-0.9916477203369141},"size":105.6388931274414,"orthographic":false}