{"cameraMode":{"drawMode":0,"name":"Shaded","section":"Shading Mode"},"sceneLighting":false,"audioPlay":false,"sceneViewState":{"showFog":true,"showMaterialUpdate":true,"showSkybox":false,"showFlares":true,"showImageEffects":true,"showParticleSystems":true},"in2DMode":false,"pivot":{"x":30.955223083496095,"y":2.3299994468688967,"z":470.739990234375},"rotation":{"x":0.16592547297477723,"y":0.6673969030380249,"z":-0.15626534819602967,"w":0.7090669274330139},"size":22.068052291870118,"orthographic":false}