{"cameraMode":{"drawMode":0,"name":"Shaded","section":"Shading Mode"},"sceneLighting":false,"audioPlay":false,"sceneViewState":{"showFog":true,"showMaterialUpdate":true,"showSkybox":true,"showFlares":true,"showImageEffects":true,"showParticleSystems":true},"in2DMode":false,"pivot":{"x":27.848373413085939,"y":182.48388671875,"z":724.0975952148438},"rotation":{"x":-0.000893332704436034,"y":0.9408015608787537,"z":-0.3390200734138489,"w":-0.002498210873454809},"size":7.379779815673828,"orthographic":false}