{"cameraMode":{"drawMode":0,"name":"Shaded","section":"Shading Mode"},"sceneLighting":false,"audioPlay":false,"sceneViewState":{"showFog":true,"showMaterialUpdate":true,"showSkybox":true,"showFlares":true,"showImageEffects":true,"showParticleSystems":true},"in2DMode":false,"pivot":{"x":30.627925872802736,"y":-28.03951644897461,"z":-22.032743453979493},"rotation":{"x":-0.14229996502399445,"y":-0.8456360101699829,"z":0.277976930141449,"w":-0.4328732490539551},"size":53.55451965332031,"orthographic":false}