{"cameraMode":{"drawMode":0,"name":"Shaded","section":"Shading Mode"},"sceneLighting":false,"audioPlay":false,"sceneViewState":{"showFog":true,"showMaterialUpdate":true,"showSkybox":false,"showFlares":true,"showImageEffects":true,"showParticleSystems":true},"in2DMode":false,"pivot":{"x":3.138855457305908,"y":13.939138412475586,"z":424.4362487792969},"rotation":{"x":-0.2193528413772583,"y":-0.048213500529527667,"z":0.010800788179039956,"w":-0.9745253324508667},"size":16.005413055419923,"orthographic":false}