{"cameraMode":{"drawMode":0,"name":"Shaded","section":"Shading Mode"},"sceneLighting":false,"audioPlay":false,"sceneViewState":{"showFog":true,"showMaterialUpdate":true,"showSkybox":true,"showFlares":true,"showImageEffects":true,"showParticleSystems":true},"in2DMode":false,"pivot":{"x":-2.6633925437927248,"y":30.051410675048829,"z":790.2449340820313},"rotation":{"x":0.004322449676692486,"y":-0.9892019033432007,"z":0.14388100802898408,"w":0.029495788738131524},"size":12.29005241394043,"orthographic":false}