{"cameraMode":{"drawMode":0,"name":"Shaded","section":"Shading Mode"},"sceneLighting":false,"audioPlay":false,"sceneViewState":{"showFog":true,"showMaterialUpdate":true,"showSkybox":true,"showFlares":true,"showImageEffects":true,"showParticleSystems":true},"in2DMode":false,"pivot":{"x":109.27982330322266,"y":159.50479125976563,"z":519.8243408203125},"rotation":{"x":-0.08687438815832138,"y":0.2952161729335785,"z":-0.02695160172879696,"w":-0.9511127471923828},"size":2.8578836917877199,"orthographic":false}