{"cameraMode":{"drawMode":0,"name":"Shaded","section":"Shading Mode"},"sceneLighting":true,"audioPlay":false,"sceneViewState":{"showFog":true,"showMaterialUpdate":true,"showSkybox":true,"showFlares":true,"showImageEffects":true,"showParticleSystems":true},"in2DMode":false,"pivot":{"x":-6.732266426086426,"y":2.739442825317383,"z":6.079080581665039},"rotation":{"x":-0.10826413333415985,"y":0.1420697569847107,"z":-0.015635959804058076,"w":-0.9837939739227295},"size":3.5911877155303957,"orthographic":false}