{"cameraMode":{"drawMode":0,"name":"Shaded","section":"Shading Mode"},"sceneLighting":false,"audioPlay":false,"sceneViewState":{"showFog":true,"showMaterialUpdate":true,"showSkybox":true,"showFlares":true,"showImageEffects":true,"showParticleSystems":true},"in2DMode":false,"pivot":{"x":-2.850985527038574,"y":1.817307472229004,"z":7.0132293701171879},"rotation":{"x":-0.04120286554098129,"y":-0.9578354358673096,"z":0.22184114158153535,"w":-0.17787691950798036},"size":31.182645797729493,"orthographic":false}