{"cameraMode":{"drawMode":0,"name":"Shaded","section":"Shading Mode"},"sceneLighting":false,"audioPlay":false,"sceneViewState":{"showFog":true,"showMaterialUpdate":true,"showSkybox":true,"showFlares":true,"showImageEffects":true,"showParticleSystems":true},"in2DMode":false,"pivot":{"x":-16.7576961517334,"y":0.7284728288650513,"z":-6.494736194610596},"rotation":{"x":-0.10606417804956436,"y":-0.6410366296768189,"z":0.09007787704467774,"w":-0.7547903656959534},"size":6.770192623138428,"orthographic":false}