{"cameraMode":{"drawMode":0,"name":"Shaded","section":"Shading Mode"},"sceneLighting":true,"audioPlay":false,"sceneViewState":{"showFog":true,"showMaterialUpdate":true,"showSkybox":true,"showFlares":true,"showImageEffects":true,"showParticleSystems":true},"in2DMode":false,"pivot":{"x":-4.8236541748046879,"y":1.5805339813232422,"z":3.4252233505249025},"rotation":{"x":-0.029883824288845063,"y":-0.12023499608039856,"z":0.0036194913554936649,"w":-0.9922890067100525},"size":12.003111839294434,"orthographic":false}