{"cameraMode":{"drawMode":0,"name":"Shaded","section":"Shading Mode"},"sceneLighting":true,"audioPlay":false,"sceneViewState":{"showFog":true,"showMaterialUpdate":true,"showSkybox":true,"showFlares":true,"showImageEffects":true,"showParticleSystems":true},"in2DMode":false,"pivot":{"x":20.799949645996095,"y":18.204334259033204,"z":62.65488815307617},"rotation":{"x":-0.17670108377933503,"y":0.06834667921066284,"z":0.012659379281103611,"w":0.9819377660751343},"size":9.737750053405762,"orthographic":false}