{"cameraMode":{"drawMode":0,"name":"Shaded","section":"Shading Mode"},"sceneLighting":false,"audioPlay":false,"sceneViewState":{"showFog":true,"showMaterialUpdate":true,"showSkybox":true,"showFlares":true,"showImageEffects":true,"showParticleSystems":true},"in2DMode":false,"pivot":{"x":2.089536666870117,"y":-4.416593551635742,"z":-12.52981948852539},"rotation":{"x":-0.0340828001499176,"y":-0.9634045362472534,"z":0.22008799016475678,"w":-0.14916923642158509},"size":44.69608688354492,"orthographic":false}