{"cameraMode":{"drawMode":0,"name":"Shaded","section":"Shading Mode"},"sceneLighting":false,"audioPlay":false,"sceneViewState":{"showFog":true,"showMaterialUpdate":true,"showSkybox":true,"showFlares":true,"showImageEffects":true,"showParticleSystems":true},"in2DMode":false,"pivot":{"x":-23.558855056762697,"y":-1.1100882291793824,"z":-7.26624870300293},"rotation":{"x":0.10636909306049347,"y":-0.556747317314148,"z":-0.07216227054595947,"w":-0.8206769824028015},"size":13.774881362915039,"orthographic":false}