{"cameraMode":{"drawMode":0,"name":"Shaded","section":"Shading Mode"},"sceneLighting":false,"audioPlay":false,"sceneViewState":{"showFog":true,"showMaterialUpdate":true,"showSkybox":true,"showFlares":true,"showImageEffects":true,"showParticleSystems":true},"in2DMode":false,"pivot":{"x":-5.97840690612793,"y":6.900226593017578,"z":-0.060257844626903537},"rotation":{"x":-0.18444007635116578,"y":-0.7194129824638367,"z":0.20851105451583863,"w":-0.636356770992279},"size":0.8580495715141296,"orthographic":false}