{"cameraMode":{"drawMode":0,"name":"Shaded","section":"Shading Mode"},"sceneLighting":false,"audioPlay":false,"sceneViewState":{"showFog":true,"showMaterialUpdate":true,"showSkybox":true,"showFlares":true,"showImageEffects":true,"showParticleSystems":true},"in2DMode":false,"pivot":{"x":26.984312057495118,"y":46.566688537597659,"z":816.1698608398438},"rotation":{"x":-0.015741245821118356,"y":-0.9819808602333069,"z":0.1626623570919037,"w":-0.09517385065555573},"size":2.8578836917877199,"orthographic":false}