{"cameraMode":{"drawMode":0,"name":"Shaded","section":"Shading Mode"},"sceneLighting":false,"audioPlay":false,"sceneViewState":{"showFog":true,"showMaterialUpdate":true,"showSkybox":false,"showFlares":true,"showImageEffects":true,"showParticleSystems":true},"in2DMode":false,"pivot":{"x":3.2799999713897707,"y":3.8083548545837404,"z":3.7200000286102297},"rotation":{"x":-0.23394210636615754,"y":-0.34736958146095278,"z":0.0899776965379715,"w":-0.9037261605262756},"size":3.093813419342041,"orthographic":false}