{"cameraMode":{"drawMode":0,"name":"Shaded","section":"Shading Mode"},"sceneLighting":false,"audioPlay":false,"sceneViewState":{"showFog":true,"showMaterialUpdate":true,"showSkybox":true,"showFlares":true,"showImageEffects":true,"showParticleSystems":true},"in2DMode":false,"pivot":{"x":-0.1725139617919922,"y":8.376127243041993,"z":-12.335891723632813},"rotation":{"x":-0.06750638782978058,"y":0.9227385520935059,"z":-0.18945233523845673,"w":-0.3287922441959381},"size":19.700613021850587,"orthographic":false}