{"cameraMode":{"drawMode":0,"name":"Shaded","section":"Shading Mode"},"sceneLighting":false,"audioPlay":false,"sceneViewState":{"showFog":true,"showMaterialUpdate":true,"showSkybox":true,"showFlares":true,"showImageEffects":true,"showParticleSystems":true},"in2DMode":false,"pivot":{"x":-16.970603942871095,"y":6.826992034912109,"z":138.3693084716797},"rotation":{"x":-0.030235284939408304,"y":-0.020130669698119165,"z":0.0006035583792254329,"w":-0.9993399381637573},"size":74.60464477539063,"orthographic":false}