{"cameraMode":{"drawMode":0,"name":"Shaded","section":"Shading Mode"},"sceneLighting":false,"audioPlay":false,"sceneViewState":{"showFog":true,"showMaterialUpdate":true,"showSkybox":false,"showFlares":true,"showImageEffects":true,"showParticleSystems":true},"in2DMode":false,"pivot":{"x":0.22936415672302247,"y":3.8042616844177248,"z":-15.0},"rotation":{"x":0.15769441425800324,"y":-0.02820422500371933,"z":0.0046005332842469219,"w":0.9872498512268066},"size":29.777677536010743,"orthographic":false}