{"cameraMode":{"drawMode":0,"name":"Shaded","section":"Shading Mode"},"sceneLighting":true,"audioPlay":false,"sceneViewState":{"showFog":true,"showMaterialUpdate":true,"showSkybox":true,"showFlares":true,"showImageEffects":true,"showParticleSystems":true},"in2DMode":false,"pivot":{"x":-64.08810424804688,"y":20.260581970214845,"z":129.35145568847657},"rotation":{"x":0.05154836177825928,"y":-0.21934285759925843,"z":0.011935951188206673,"w":0.9743388295173645},"size":201.22958374023438,"orthographic":false}