{"cameraMode":{"drawMode":0,"name":"Shaded","section":"Shading Mode"},"sceneLighting":false,"audioPlay":false,"sceneViewState":{"showFog":true,"showMaterialUpdate":true,"showSkybox":true,"showFlares":true,"showImageEffects":true,"showParticleSystems":true},"in2DMode":false,"pivot":{"x":136.96170043945313,"y":0.1254429817199707,"z":-6.735225677490234},"rotation":{"x":-0.08989118039608002,"y":-0.9024185538291931,"z":0.22956597805023194,"w":-0.3533550500869751},"size":662.7149658203125,"orthographic":false}