{"cameraMode":{"drawMode":0,"name":"Shaded","section":"Shading Mode"},"sceneLighting":true,"audioPlay":false,"sceneViewState":{"showFog":true,"showMaterialUpdate":true,"showSkybox":true,"showFlares":true,"showImageEffects":true,"showParticleSystems":true},"in2DMode":false,"pivot":{"x":-2.6610984802246095,"y":10.494840621948243,"z":109.78978729248047},"rotation":{"x":0.05965558439493179,"y":0.3809379041194916,"z":-0.024429453536868097,"w":0.9224686622619629},"size":12.071309089660645,"orthographic":false}