{"cameraMode":{"drawMode":0,"name":"Shaded","section":"Shading Mode"},"sceneLighting":true,"audioPlay":false,"sceneViewState":{"showFog":true,"showMaterialUpdate":true,"showSkybox":true,"showFlares":true,"showImageEffects":true,"showParticleSystems":true},"in2DMode":false,"pivot":{"x":0.12160778045654297,"y":-2.36428165435791,"z":1.6574931144714356},"rotation":{"x":-0.12277018278837204,"y":-0.8680092096328735,"z":0.2656582295894623,"w":-0.40113988518714907},"size":9.518584251403809,"orthographic":false}